old_code,old_name_ja,new_code,new_name_ja,merged_year,reason,source
01305,厚田村,,,2005,official record without a linkable 新設 successor (absorption/編入),Soumu 全国地方公共団体コード改正一覧表 (2005-04-01 onward)
01344,砂原町,,,2005,official record without a linkable 新設 successor (absorption/編入),Soumu 全国地方公共団体コード改正一覧表 (2005-04-01 onward)
01365,熊石町,,,2005,official record without a linkable 新設 successor (absorption/編入),Soumu 全国地方公共団体コード改正一覧表 (2005-04-01 onward)
01366,大成町,01371,せたな町,2005,official record not seen in vacancy surveys,Soumu 全国地方公共団体コード改正一覧表 (2005-04-01 onward)
01400,倶知安町,,,,in 2023 survey but not in current Soumu municipality master (code reconciliation needed),empirical (vacancy survey code disappearance)
01421,北村,01586,むかわ町,2006,official record not seen in vacancy surveys,Soumu 全国地方公共団体コード改正一覧表 (2005-04-01 onward)
01439,幌加内町,01520,幌延町,2010,official record not seen in vacancy surveys,Soumu 全国地方公共団体コード改正一覧表 (2005-04-01 onward)
01466,朝日町,01371,せたな町,2005,official record not seen in vacancy surveys,Soumu 全国地方公共団体コード改正一覧表 (2005-04-01 onward)
01467,風連町,01586,むかわ町,2006,official record not seen in vacancy surveys,Soumu 全国地方公共団体コード改正一覧表 (2005-04-01 onward)
01488,幌延町,01520,幌延町,2010,official record not seen in vacancy surveys,Soumu 全国地方公共団体コード改正一覧表 (2005-04-01 onward)
01515,歌登町,,,2006,official record without a linkable 新設 successor (absorption/編入),Soumu 全国地方公共団体コード改正一覧表 (2005-04-01 onward)
01542,女満別町,01610,新ひだか町,2006,official record not seen in vacancy surveys,Soumu 全国地方公共団体コード改正一覧表 (2005-04-01 onward)
01548,端野町,,,2006,official record without a linkable 新設 successor (absorption/編入),Soumu 全国地方公共団体コード改正一覧表 (2005-04-01 onward)
01554,生田原町,,,2005,official record without a linkable 新設 successor (absorption/編入),Soumu 全国地方公共団体コード改正一覧表 (2005-04-01 onward)
01558,上湧別町,,,2009,official record without a linkable 新設 successor (absorption/編入),Soumu 全国地方公共団体コード改正一覧表 (2005-04-01 onward)
01572,虻田町,01586,むかわ町,2006,official record not seen in vacancy surveys,Soumu 全国地方公共団体コード改正一覧表 (2005-04-01 onward)
01574,大滝村,,,2006,official record without a linkable 新設 successor (absorption/編入),Soumu 全国地方公共団体コード改正一覧表 (2005-04-01 onward)
01579,早来町,01586,むかわ町,2006,official record not seen in vacancy surveys,Soumu 全国地方公共団体コード改正一覧表 (2005-04-01 onward)
01582,鵡川町,01586,むかわ町,2006,official record not seen in vacancy surveys,Soumu 全国地方公共団体コード改正一覧表 (2005-04-01 onward)
01603,門別町,,,2006,official record without a linkable 新設 successor (absorption/編入),Soumu 全国地方公共団体コード改正一覧表 (2005-04-01 onward)
01640,忠類村,,,2006,official record without a linkable 新設 successor (absorption/編入),Soumu 全国地方公共団体コード改正一覧表 (2005-04-01 onward)
01666,阿寒町,,,2005,official record without a linkable 新設 successor (absorption/編入),Soumu 全国地方公共団体コード改正一覧表 (2005-04-01 onward)
02322,木造町,,,,disappeared after 2003 survey; no entry in official table (pre-2005-04 merger — successor needs the 平成合併 archive),empirical (vacancy survey code disappearance)
02341,岩木町,,,2006,official record without a linkable 新設 successor (absorption/編入),Soumu 全国地方公共団体コード改正一覧表 (2005-04-01 onward)
02364,浪岡町,,,2005,official record without a linkable 新設 successor (absorption/編入),Soumu 全国地方公共団体コード改正一覧表 (2005-04-01 onward)
02403,百石町,02412,おいらせ町,2006,official record not seen in vacancy surveys,Soumu 全国地方公共団体コード改正一覧表 (2005-04-01 onward)
02444,名川町,02210,平川市,2006,official record not seen in vacancy surveys,Soumu 全国地方公共団体コード改正一覧表 (2005-04-01 onward)
03212,江刺市,,,,disappeared after 2003 survey; no entry in official table (pre-2005-04 merger — successor needs the 平成合併 archive),empirical (vacancy survey code disappearance)
03305,滝沢村,,,,official record without a linkable 新設 successor (absorption/編入),Soumu 全国地方公共団体コード改正一覧表 (2005-04-01 onward)
03307,玉山村,,,2006,official record without a linkable 新設 successor (absorption/編入),Soumu 全国地方公共団体コード改正一覧表 (2005-04-01 onward)
03341,大迫町,03507,洋野町,2006,official record not seen in vacancy surveys,Soumu 全国地方公共団体コード改正一覧表 (2005-04-01 onward)
03342,石鳥谷町,,,,disappeared after 2003 survey; no entry in official table (pre-2005-04 merger — successor needs the 平成合併 archive),empirical (vacancy survey code disappearance)
03363,湯田町,03366,西和賀町,2005,official record not seen in vacancy surveys,Soumu 全国地方公共団体コード改正一覧表 (2005-04-01 onward)
03382,前沢町,,,,disappeared after 2003 survey; no entry in official table (pre-2005-04 merger — successor needs the 平成合併 archive),empirical (vacancy survey code disappearance)
03383,胆沢町,,,,disappeared after 2003 survey; no entry in official table (pre-2005-04 merger — successor needs the 平成合併 archive),empirical (vacancy survey code disappearance)
03401,花泉町,,,2005,official record without a linkable 新設 successor (absorption/編入),Soumu 全国地方公共団体コード改正一覧表 (2005-04-01 onward)
03421,大東町,,,,disappeared after 2003 survey; no entry in official table (pre-2005-04 merger — successor needs the 平成合併 archive),empirical (vacancy survey code disappearance)
03422,藤沢町,,,2011,official record without a linkable 新設 successor (absorption/編入),Soumu 全国地方公共団体コード改正一覧表 (2005-04-01 onward)
03462,宮守村,,,2005,official record without a linkable 新設 successor (absorption/編入),Soumu 全国地方公共団体コード改正一覧表 (2005-04-01 onward)
03481,田老町,,,2005,official record without a linkable 新設 successor (absorption/編入),Soumu 全国地方公共団体コード改正一覧表 (2005-04-01 onward)
03487,川井村,,,2010,official record without a linkable 新設 successor (absorption/編入),Soumu 全国地方公共団体コード改正一覧表 (2005-04-01 onward)
03502,種市町,03507,洋野町,2006,official record not seen in vacancy surveys,Soumu 全国地方公共団体コード改正一覧表 (2005-04-01 onward)
03504,山形村,,,2006,official record without a linkable 新設 successor (absorption/編入),Soumu 全国地方公共団体コード改正一覧表 (2005-04-01 onward)
03521,浄法寺町,03507,洋野町,2006,official record not seen in vacancy surveys,Soumu 全国地方公共団体コード改正一覧表 (2005-04-01 onward)
04423,富谷町,,,,official record without a linkable 新設 successor (absorption/編入),Soumu 全国地方公共団体コード改正一覧表 (2005-04-01 onward)
04544,中田町,,,,disappeared after 2003 survey; no entry in official table (pre-2005-04 merger — successor needs the 平成合併 archive),empirical (vacancy survey code disappearance)
04561,河北町,04214,東松島市,2005,official record not seen in vacancy surveys,Soumu 全国地方公共団体コード改正一覧表 (2005-04-01 onward)
04564,河南町,,,,disappeared after 2003 survey; no entry in official table (pre-2005-04 merger — successor needs the 平成合併 archive),empirical (vacancy survey code disappearance)
04601,志津川町,04606,南三陸町,2005,official record not seen in vacancy surveys,Soumu 全国地方公共団体コード改正一覧表 (2005-04-01 onward)
04603,本吉町,,,2009,official record without a linkable 新設 successor (absorption/編入),Soumu 全国地方公共団体コード改正一覧表 (2005-04-01 onward)
04604,唐桑町,04215,大崎市,2006,official record not seen in vacancy surveys,Soumu 全国地方公共団体コード改正一覧表 (2005-04-01 onward)
05205,本荘市,,,,disappeared after 2003 survey; no entry in official table (pre-2005-04 merger — successor needs the 平成合併 archive),empirical (vacancy survey code disappearance)
05208,大曲市,,,,disappeared after 2003 survey; no entry in official table (pre-2005-04 merger — successor needs the 平成合併 archive),empirical (vacancy survey code disappearance)
05321,鷹巣町,,,,disappeared after 2003 survey; no entry in official table (pre-2005-04 merger — successor needs the 平成合併 archive),empirical (vacancy survey code disappearance)
05322,比内町,,,2005,official record without a linkable 新設 successor (absorption/編入),Soumu 全国地方公共団体コード改正一覧表 (2005-04-01 onward)
05341,琴丘町,05348,三種町,2006,official record not seen in vacancy surveys,Soumu 全国地方公共団体コード改正一覧表 (2005-04-01 onward)
05342,二ツ井町,,,2006,official record without a linkable 新設 successor (absorption/編入),Soumu 全国地方公共団体コード改正一覧表 (2005-04-01 onward)
05343,八森町,05349,八峰町,2006,official record not seen in vacancy surveys,Soumu 全国地方公共団体コード改正一覧表 (2005-04-01 onward)
05365,天王町,,,,disappeared after 2003 survey; no entry in official table (pre-2005-04 merger — successor needs the 平成合併 archive),empirical (vacancy survey code disappearance)
05401,仁賀保町,05214,にかほ市,2005,official record not seen in vacancy surveys,Soumu 全国地方公共団体コード改正一覧表 (2005-04-01 onward)
05423,角館町,05215,仙北市,2005,official record not seen in vacancy surveys,Soumu 全国地方公共団体コード改正一覧表 (2005-04-01 onward)
05441,増田町,05214,にかほ市,2005,official record not seen in vacancy surveys,Soumu 全国地方公共団体コード改正一覧表 (2005-04-01 onward)
06421,立川町,06428,庄内町,2005,official record not seen in vacancy surveys,Soumu 全国地方公共団体コード改正一覧表 (2005-04-01 onward)
06422,余目町,,,,disappeared after 2003 survey; no entry in official table (pre-2005-04 merger — successor needs the 平成合併 archive),empirical (vacancy survey code disappearance)
06423,藤島町,,,2005,official record without a linkable 新設 successor (absorption/編入),Soumu 全国地方公共団体コード改正一覧表 (2005-04-01 onward)
06462,八幡町,,,2005,official record without a linkable 新設 successor (absorption/編入),Soumu 全国地方公共団体コード改正一覧表 (2005-04-01 onward)
07302,伊達町,07213,伊達市,2006,official record not seen in vacancy surveys,Soumu 全国地方公共団体コード改正一覧表 (2005-04-01 onward)
07304,梁川町,,,,disappeared after 2003 survey; no entry in official table (pre-2005-04 merger — successor needs the 平成合併 archive),empirical (vacancy survey code disappearance)
07305,保原町,,,,disappeared after 2003 survey; no entry in official table (pre-2005-04 merger — successor needs the 平成合併 archive),empirical (vacancy survey code disappearance)
07309,飯野町,,,2008,official record without a linkable 新設 successor (absorption/編入),Soumu 全国地方公共団体コード改正一覧表 (2005-04-01 onward)
07321,安達町,,,2005,official record without a linkable 新設 successor (absorption/編入),Soumu 全国地方公共団体コード改正一覧表 (2005-04-01 onward)
07341,長沼町,,,2005,official record without a linkable 新設 successor (absorption/編入),Soumu 全国地方公共団体コード改正一覧表 (2005-04-01 onward)
07361,田島町,07368,南会津町,2006,official record not seen in vacancy surveys,Soumu 全国地方公共団体コード改正一覧表 (2005-04-01 onward)
07401,熱塩加納村,,,2006,official record without a linkable 新設 successor (absorption/編入),Soumu 全国地方公共団体コード改正一覧表 (2005-04-01 onward)
07424,河東町,,,2005,official record without a linkable 新設 successor (absorption/編入),Soumu 全国地方公共団体コード改正一覧表 (2005-04-01 onward)
07462,表郷村,,,2005,official record without a linkable 新設 successor (absorption/編入),Soumu 全国地方公共団体コード改正一覧表 (2005-04-01 onward)
07527,船引町,,,,disappeared after 2003 survey; no entry in official table (pre-2005-04 merger — successor needs the 平成合併 archive),empirical (vacancy survey code disappearance)
08206,下館市,,,,disappeared after 2003 survey; no entry in official table (pre-2005-04 merger — successor needs the 平成合併 archive),empirical (vacancy survey code disappearance)
08218,岩井市,,,,disappeared after 2003 survey; no entry in official table (pre-2005-04 merger — successor needs the 平成合併 archive),empirical (vacancy survey code disappearance)
08304,美野里町,,,,disappeared after 2003 survey; no entry in official table (pre-2005-04 merger — successor needs the 平成合併 archive),empirical (vacancy survey code disappearance)
08321,友部町,,,2006,official record without a linkable 新設 successor (absorption/編入),Soumu 全国地方公共団体コード改正一覧表 (2005-04-01 onward)
08322,岩間町,,,,disappeared after 2003 survey; no entry in official table (pre-2005-04 merger — successor needs the 平成合併 archive),empirical (vacancy survey code disappearance)
08342,那珂町,,,,disappeared after 2003 survey; no entry in official table (pre-2005-04 merger — successor needs the 平成合併 archive),empirical (vacancy survey code disappearance)
08344,大宮町,,,,disappeared after 2003 survey; no entry in official table (pre-2005-04 merger — successor needs the 平成合併 archive),empirical (vacancy survey code disappearance)
08401,旭村,08234,鉾田市,2005,official record not seen in vacancy surveys,Soumu 全国地方公共団体コード改正一覧表 (2005-04-01 onward)
08402,鉾田町,,,,disappeared after 2003 survey; no entry in official table (pre-2005-04 merger — successor needs the 平成合併 archive),empirical (vacancy survey code disappearance)
08441,江戸崎町,,,,disappeared after 2003 survey; no entry in official table (pre-2005-04 merger — successor needs the 平成合併 archive),empirical (vacancy survey code disappearance)
08461,霞ヶ浦町,,,,disappeared after 2003 survey; no entry in official table (pre-2005-04 merger — successor needs the 平成合併 archive),empirical (vacancy survey code disappearance)
08464,千代田町,,,,disappeared after 2003 survey; no entry in official table (pre-2005-04 merger — successor needs the 平成合併 archive),empirical (vacancy survey code disappearance)
08465,新治村,,,2006,official record without a linkable 新設 successor (absorption/編入),Soumu 全国地方公共団体コード改正一覧表 (2005-04-01 onward)
08501,関城町,,,,disappeared after 2003 survey; no entry in official table (pre-2005-04 merger — successor needs the 平成合併 archive),empirical (vacancy survey code disappearance)
08502,明野町,,,,disappeared after 2003 survey; no entry in official table (pre-2005-04 merger — successor needs the 平成合併 archive),empirical (vacancy survey code disappearance)
08503,真壁町,,,,disappeared after 2003 survey; no entry in official table (pre-2005-04 merger — successor needs the 平成合併 archive),empirical (vacancy survey code disappearance)
08505,協和町,,,,disappeared after 2003 survey; no entry in official table (pre-2005-04 merger — successor needs the 平成合併 archive),empirical (vacancy survey code disappearance)
08522,千代川村,,,2006,official record without a linkable 新設 successor (absorption/編入),Soumu 全国地方公共団体コード改正一覧表 (2005-04-01 onward)
08523,石下町,,,2006,official record without a linkable 新設 successor (absorption/編入),Soumu 全国地方公共団体コード改正一覧表 (2005-04-01 onward)
08541,総和町,,,2005,official record without a linkable 新設 successor (absorption/編入),Soumu 全国地方公共団体コード改正一覧表 (2005-04-01 onward)
08543,三和町,,,,disappeared after 2003 survey; no entry in official table (pre-2005-04 merger — successor needs the 平成合併 archive),empirical (vacancy survey code disappearance)
08544,猿島町,,,,disappeared after 2003 survey; no entry in official table (pre-2005-04 merger — successor needs the 平成合併 archive),empirical (vacancy survey code disappearance)
08563,藤代町,,,,disappeared after 2003 survey; no entry in official table (pre-2005-04 merger — successor needs the 平成合併 archive),empirical (vacancy survey code disappearance)
09207,今市市,,,2006,official record without a linkable 新設 successor (absorption/編入),Soumu 全国地方公共団体コード改正一覧表 (2005-04-01 onward)
09212,黒磯市,,,,disappeared after 2003 survey; no entry in official table (pre-2005-04 merger — successor needs the 平成合併 archive),empirical (vacancy survey code disappearance)
09303,上河内町,,,2007,official record without a linkable 新設 successor (absorption/編入),Soumu 全国地方公共団体コード改正一覧表 (2005-04-01 onward)
09304,河内町,,,,disappeared after 2003 survey; no entry in official table (pre-2005-04 merger — successor needs the 平成合併 archive),empirical (vacancy survey code disappearance)
09321,西方町,,,2011,official record without a linkable 新設 successor (absorption/編入),Soumu 全国地方公共団体コード改正一覧表 (2005-04-01 onward)
09322,粟野町,,,2006,official record without a linkable 新設 successor (absorption/編入),Soumu 全国地方公共団体コード改正一覧表 (2005-04-01 onward)
09341,二宮町,,,2009,official record without a linkable 新設 successor (absorption/編入),Soumu 全国地方公共団体コード改正一覧表 (2005-04-01 onward)
09362,石橋町,,,,disappeared after 2003 survey; no entry in official table (pre-2005-04 merger — successor needs the 平成合併 archive),empirical (vacancy survey code disappearance)
09363,国分寺町,,,,disappeared after 2003 survey; no entry in official table (pre-2005-04 merger — successor needs the 平成合併 archive),empirical (vacancy survey code disappearance)
09365,大平町,,,2010,official record without a linkable 新設 successor (absorption/編入),Soumu 全国地方公共団体コード改正一覧表 (2005-04-01 onward)
09366,藤岡町,,,,disappeared after 2008 survey; no entry in official table (pre-2005-04 merger — successor needs the 平成合併 archive),empirical (vacancy survey code disappearance)
09367,岩舟町,,,2014,official record without a linkable 新設 successor (absorption/編入),Soumu 全国地方公共団体コード改正一覧表 (2005-04-01 onward)
09385,氏家町,,,,disappeared after 2003 survey; no entry in official table (pre-2005-04 merger — successor needs the 平成合併 archive),empirical (vacancy survey code disappearance)
09401,南那須町,09411,那珂川町,2005,official record not seen in vacancy surveys,Soumu 全国地方公共団体コード改正一覧表 (2005-04-01 onward)
09402,烏山町,,,,disappeared after 2003 survey; no entry in official table (pre-2005-04 merger — successor needs the 平成合併 archive),empirical (vacancy survey code disappearance)
09403,馬頭町,09411,那珂川町,2005,official record not seen in vacancy surveys,Soumu 全国地方公共団体コード改正一覧表 (2005-04-01 onward)
09405,湯津上村,09411,那珂川町,2005,official record not seen in vacancy surveys,Soumu 全国地方公共団体コード改正一覧表 (2005-04-01 onward)
09406,黒羽町,,,,disappeared after 2003 survey; no entry in official table (pre-2005-04 merger — successor needs the 平成合併 archive),empirical (vacancy survey code disappearance)
09409,西那須野町,,,,disappeared after 2003 survey; no entry in official table (pre-2005-04 merger — successor needs the 平成合併 archive),empirical (vacancy survey code disappearance)
09421,田沼町,,,,disappeared after 2003 survey; no entry in official table (pre-2005-04 merger — successor needs the 平成合併 archive),empirical (vacancy survey code disappearance)
10303,富士見村,,,2009,official record without a linkable 新設 successor (absorption/編入),Soumu 全国地方公共団体コード改正一覧表 (2005-04-01 onward)
10304,大胡町,,,,disappeared after 2003 survey; no entry in official table (pre-2005-04 merger — successor needs the 平成合併 archive),empirical (vacancy survey code disappearance)
10307,新里村,,,2005,official record without a linkable 新設 successor (absorption/編入),Soumu 全国地方公共団体コード改正一覧表 (2005-04-01 onward)
10321,榛名町,,,2006,official record without a linkable 新設 successor (absorption/編入),Soumu 全国地方公共団体コード改正一覧表 (2005-04-01 onward)
10322,倉渕村,,,2006,official record without a linkable 新設 successor (absorption/編入),Soumu 全国地方公共団体コード改正一覧表 (2005-04-01 onward)
10323,箕郷町,,,,disappeared after 2003 survey; no entry in official table (pre-2005-04 merger — successor needs the 平成合併 archive),empirical (vacancy survey code disappearance)
10324,群馬町,,,,disappeared after 2003 survey; no entry in official table (pre-2005-04 merger — successor needs the 平成合併 archive),empirical (vacancy survey code disappearance)
10343,伊香保町,,,2006,official record without a linkable 新設 successor (absorption/編入),Soumu 全国地方公共団体コード改正一覧表 (2005-04-01 onward)
10362,鬼石町,,,2006,official record without a linkable 新設 successor (absorption/編入),Soumu 全国地方公共団体コード改正一覧表 (2005-04-01 onward)
10363,吉井町,,,2009,official record without a linkable 新設 successor (absorption/編入),Soumu 全国地方公共団体コード改正一覧表 (2005-04-01 onward)
10381,妙義町,10429,東吾妻町,2006,official record not seen in vacancy surveys,Soumu 全国地方公共団体コード改正一覧表 (2005-04-01 onward)
10401,松井田町,,,2006,official record without a linkable 新設 successor (absorption/編入),Soumu 全国地方公共団体コード改正一覧表 (2005-04-01 onward)
10422,東村,10429,東吾妻町,2006,official record not seen in vacancy surveys,Soumu 全国地方公共団体コード改正一覧表 (2005-04-01 onward)
10423,吾妻町,,,,disappeared after 2003 survey; no entry in official table (pre-2005-04 merger — successor needs the 平成合併 archive),empirical (vacancy survey code disappearance)
10427,六合村,,,2010,official record without a linkable 新設 successor (absorption/編入),Soumu 全国地方公共団体コード改正一覧表 (2005-04-01 onward)
10445,月夜野町,10449,みなかみ町,2005,official record not seen in vacancy surveys,Soumu 全国地方公共団体コード改正一覧表 (2005-04-01 onward)
10461,赤堀町,,,,disappeared after 2003 survey; no entry in official table (pre-2005-04 merger — successor needs the 平成合併 archive),empirical (vacancy survey code disappearance)
10462,東村,,,,disappeared after 2003 survey; no entry in official table (pre-2005-04 merger — successor needs the 平成合併 archive),empirical (vacancy survey code disappearance)
10463,境町,,,,disappeared after 2003 survey; no entry in official table (pre-2005-04 merger — successor needs the 平成合併 archive),empirical (vacancy survey code disappearance)
10482,新田町,,,,disappeared after 2003 survey; no entry in official table (pre-2005-04 merger — successor needs the 平成合併 archive),empirical (vacancy survey code disappearance)
10483,藪塚本町,,,,disappeared after 2003 survey; no entry in official table (pre-2005-04 merger — successor needs the 平成合併 archive),empirical (vacancy survey code disappearance)
10501,大間々町,,,,disappeared after 2003 survey; no entry in official table (pre-2005-04 merger — successor needs the 平成合併 archive),empirical (vacancy survey code disappearance)
11226,鳩ヶ谷市,,,2011,official record without a linkable 新設 successor (absorption/編入),Soumu 全国地方公共団体コード改正一覧表 (2005-04-01 onward)
11322,大井町,,,,disappeared after 2003 survey; no entry in official table (pre-2005-04 merger — successor needs the 平成合併 archive),empirical (vacancy survey code disappearance)
11344,都幾川村,11349,ときがわ町,2006,official record not seen in vacancy surveys,Soumu 全国地方公共団体コード改正一覧表 (2005-04-01 onward)
11364,吉田町,11110,岩槻区,2005,official record not seen in vacancy surveys,Soumu 全国地方公共団体コード改正一覧表 (2005-04-01 onward)
11366,両神村,11245,ふじみ野市,2005,official record not seen in vacancy surveys,Soumu 全国地方公共団体コード改正一覧表 (2005-04-01 onward)
11382,児玉町,,,2006,official record without a linkable 新設 successor (absorption/編入),Soumu 全国地方公共団体コード改正一覧表 (2005-04-01 onward)
11384,神泉村,,,2006,official record without a linkable 新設 successor (absorption/編入),Soumu 全国地方公共団体コード改正一覧表 (2005-04-01 onward)
11401,大里町,11245,ふじみ野市,2005,official record not seen in vacancy surveys,Soumu 全国地方公共団体コード改正一覧表 (2005-04-01 onward)
11402,江南町,,,2007,official record without a linkable 新設 successor (absorption/編入),Soumu 全国地方公共団体コード改正一覧表 (2005-04-01 onward)
11403,妻沼町,,,,disappeared after 2003 survey; no entry in official table (pre-2005-04 merger — successor needs the 平成合併 archive),empirical (vacancy survey code disappearance)
11405,岡部町,,,2006,official record without a linkable 新設 successor (absorption/編入),Soumu 全国地方公共団体コード改正一覧表 (2005-04-01 onward)
11421,騎西町,,,2010,official record without a linkable 新設 successor (absorption/編入),Soumu 全国地方公共団体コード改正一覧表 (2005-04-01 onward)
11422,南河原村,,,2006,official record without a linkable 新設 successor (absorption/編入),Soumu 全国地方公共団体コード改正一覧表 (2005-04-01 onward)
11425,大利根町,,,,disappeared after 2003 survey; no entry in official table (pre-2005-04 merger — successor needs the 平成合併 archive),empirical (vacancy survey code disappearance)
11445,白岡町,,,,official record without a linkable 新設 successor (absorption/編入),Soumu 全国地方公共団体コード改正一覧表 (2005-04-01 onward)
11446,菖蒲町,,,2010,official record without a linkable 新設 successor (absorption/編入),Soumu 全国地方公共団体コード改正一覧表 (2005-04-01 onward)
11461,栗橋町,,,,disappeared after 2008 survey; no entry in official table (pre-2005-04 merger — successor needs the 平成合併 archive),empirical (vacancy survey code disappearance)
11462,鷲宮町,,,,disappeared after 2008 survey; no entry in official table (pre-2005-04 merger — successor needs the 平成合併 archive),empirical (vacancy survey code disappearance)
12305,沼南町,,,,disappeared after 2003 survey; no entry in official table (pre-2005-04 merger — successor needs the 平成合併 archive),empirical (vacancy survey code disappearance)
12325,印旛村,,,2010,official record without a linkable 新設 successor (absorption/編入),Soumu 全国地方公共団体コード改正一覧表 (2005-04-01 onward)
12341,下総町,12237,山武市,2006,official record not seen in vacancy surveys,Soumu 全国地方公共団体コード改正一覧表 (2005-04-01 onward)
12344,小見川町,,,,disappeared after 2003 survey; no entry in official table (pre-2005-04 merger — successor needs the 平成合併 archive),empirical (vacancy survey code disappearance)
12361,海上町,,,2005,official record without a linkable 新設 successor (absorption/編入),Soumu 全国地方公共団体コード改正一覧表 (2005-04-01 onward)
12402,大網白里町,,,,official record without a linkable 新設 successor (absorption/編入),Soumu 全国地方公共団体コード改正一覧表 (2005-04-01 onward)
12405,山武町,,,,disappeared after 2003 survey; no entry in official table (pre-2005-04 merger — successor needs the 平成合併 archive),empirical (vacancy survey code disappearance)
12408,横芝町,12237,山武市,2006,official record not seen in vacancy surveys,Soumu 全国地方公共団体コード改正一覧表 (2005-04-01 onward)
12442,夷隅町,12238,いすみ市,2005,official record not seen in vacancy surveys,Soumu 全国地方公共団体コード改正一覧表 (2005-04-01 onward)
12444,大原町,,,,disappeared after 2003 survey; no entry in official table (pre-2005-04 merger — successor needs the 平成合併 archive),empirical (vacancy survey code disappearance)
12461,富浦町,12234,南房総市,2006,official record not seen in vacancy surveys,Soumu 全国地方公共団体コード改正一覧表 (2005-04-01 onward)
14421,城山町,,,2007,official record without a linkable 新設 successor (absorption/編入),Soumu 全国地方公共団体コード改正一覧表 (2005-04-01 onward)
14422,津久井町,,,2006,official record without a linkable 新設 successor (absorption/編入),Soumu 全国地方公共団体コード改正一覧表 (2005-04-01 onward)
14424,藤野町,,,2007,official record without a linkable 新設 successor (absorption/編入),Soumu 全国地方公共団体コード改正一覧表 (2005-04-01 onward)
15201,新潟市,15100,新潟市,2007,successor 15100 became a designated city; represented as its wards in municipalities.csv,Soumu 全国地方公共団体コード改正一覧表 (2005-04-01 onward)
15207,新津市,,,,disappeared after 2003 survey; no entry in official table (pre-2005-04 merger — successor needs the 平成合併 archive),empirical (vacancy survey code disappearance)
15215,栃尾市,,,,disappeared after 2003 survey; no entry in official table (pre-2005-04 merger — successor needs the 平成合併 archive),empirical (vacancy survey code disappearance)
15219,両津市,,,,disappeared after 2003 survey; no entry in official table (pre-2005-04 merger — successor needs the 平成合併 archive),empirical (vacancy survey code disappearance)
15220,白根市,,,,disappeared after 2003 survey; no entry in official table (pre-2005-04 merger — successor needs the 平成合併 archive),empirical (vacancy survey code disappearance)
15221,豊栄市,,,,disappeared after 2003 survey; no entry in official table (pre-2005-04 merger — successor needs the 平成合併 archive),empirical (vacancy survey code disappearance)
15303,水原町,,,,disappeared after 2003 survey; no entry in official table (pre-2005-04 merger — successor needs the 平成合併 archive),empirical (vacancy survey code disappearance)
15309,紫雲寺町,,,2005,official record without a linkable 新設 successor (absorption/編入),Soumu 全国地方公共団体コード改正一覧表 (2005-04-01 onward)
15322,村松町,,,2006,official record without a linkable 新設 successor (absorption/編入),Soumu 全国地方公共団体コード改正一覧表 (2005-04-01 onward)
15324,亀田町,,,,disappeared after 2003 survey; no entry in official table (pre-2005-04 merger — successor needs the 平成合併 archive),empirical (vacancy survey code disappearance)
15343,分水町,,,,disappeared after 2003 survey; no entry in official table (pre-2005-04 merger — successor needs the 平成合併 archive),empirical (vacancy survey code disappearance)
15344,吉田町,,,2006,official record without a linkable 新設 successor (absorption/編入),Soumu 全国地方公共団体コード改正一覧表 (2005-04-01 onward)
15345,巻町,,,2005,official record without a linkable 新設 successor (absorption/編入),Soumu 全国地方公共団体コード改正一覧表 (2005-04-01 onward)
15363,栄町,,,2005,official record without a linkable 新設 successor (absorption/編入),Soumu 全国地方公共団体コード改正一覧表 (2005-04-01 onward)
15364,中之島町,15385,阿賀町,2005,official record not seen in vacancy surveys,Soumu 全国地方公共団体コード改正一覧表 (2005-04-01 onward)
15381,津川町,15385,阿賀町,2005,official record not seen in vacancy surveys,Soumu 全国地方公共団体コード改正一覧表 (2005-04-01 onward)
15441,川口町,,,2010,official record without a linkable 新設 successor (absorption/編入),Soumu 全国地方公共団体コード改正一覧表 (2005-04-01 onward)
15462,塩沢町,,,2005,official record without a linkable 新設 successor (absorption/編入),Soumu 全国地方公共団体コード改正一覧表 (2005-04-01 onward)
15463,六日町,,,,disappeared after 2003 survey; no entry in official table (pre-2005-04 merger — successor needs the 平成合併 archive),empirical (vacancy survey code disappearance)
15464,大和町,,,,disappeared after 2003 survey; no entry in official table (pre-2005-04 merger — successor needs the 平成合併 archive),empirical (vacancy survey code disappearance)
15481,川西町,15385,阿賀町,2005,official record not seen in vacancy surveys,Soumu 全国地方公共団体コード改正一覧表 (2005-04-01 onward)
15501,高柳町,,,2005,official record without a linkable 新設 successor (absorption/編入),Soumu 全国地方公共団体コード改正一覧表 (2005-04-01 onward)
15545,妙高高原町,15385,阿賀町,2005,official record not seen in vacancy surveys,Soumu 全国地方公共団体コード改正一覧表 (2005-04-01 onward)
15582,荒川町,,,2008,official record without a linkable 新設 successor (absorption/編入),Soumu 全国地方公共団体コード改正一覧表 (2005-04-01 onward)
16301,大沢野町,,,2005,official record without a linkable 新設 successor (absorption/編入),Soumu 全国地方公共団体コード改正一覧表 (2005-04-01 onward)
16341,宇奈月町,,,2006,official record without a linkable 新設 successor (absorption/編入),Soumu 全国地方公共団体コード改正一覧表 (2005-04-01 onward)
16361,八尾町,,,,disappeared after 2003 survey; no entry in official table (pre-2005-04 merger — successor needs the 平成合併 archive),empirical (vacancy survey code disappearance)
16362,婦中町,,,,disappeared after 2003 survey; no entry in official table (pre-2005-04 merger — successor needs the 平成合併 archive),empirical (vacancy survey code disappearance)
16381,小杉町,,,,disappeared after 2003 survey; no entry in official table (pre-2005-04 merger — successor needs the 平成合併 archive),empirical (vacancy survey code disappearance)
16421,福光町,,,,disappeared after 2003 survey; no entry in official table (pre-2005-04 merger — successor needs the 平成合併 archive),empirical (vacancy survey code disappearance)
16422,福岡町,16211,射水市,2005,official record not seen in vacancy surveys,Soumu 全国地方公共団体コード改正一覧表 (2005-04-01 onward)
17208,松任市,,,,disappeared after 2003 survey; no entry in official table (pre-2005-04 merger — successor needs the 平成合併 archive),empirical (vacancy survey code disappearance)
17301,山中町,,,2005,official record without a linkable 新設 successor (absorption/編入),Soumu 全国地方公共団体コード改正一覧表 (2005-04-01 onward)
17321,根上町,,,,disappeared after 2003 survey; no entry in official table (pre-2005-04 merger — successor needs the 平成合併 archive),empirical (vacancy survey code disappearance)
17322,寺井町,,,,disappeared after 2003 survey; no entry in official table (pre-2005-04 merger — successor needs the 平成合併 archive),empirical (vacancy survey code disappearance)
17343,鶴来町,,,,disappeared after 2003 survey; no entry in official table (pre-2005-04 merger — successor needs the 平成合併 archive),empirical (vacancy survey code disappearance)
17344,野々市町,,,,official record without a linkable 新設 successor (absorption/編入),Soumu 全国地方公共団体コード改正一覧表 (2005-04-01 onward)
17382,富来町,,,2005,official record without a linkable 新設 successor (absorption/編入),Soumu 全国地方公共団体コード改正一覧表 (2005-04-01 onward)
17462,門前町,,,2006,official record without a linkable 新設 successor (absorption/編入),Soumu 全国地方公共団体コード改正一覧表 (2005-04-01 onward)
18302,美山町,,,2006,official record without a linkable 新設 successor (absorption/編入),Soumu 全国地方公共団体コード改正一覧表 (2005-04-01 onward)
18321,松岡町,,,2006,official record without a linkable 新設 successor (absorption/編入),Soumu 全国地方公共団体コード改正一覧表 (2005-04-01 onward)
18342,和泉村,,,2005,official record without a linkable 新設 successor (absorption/編入),Soumu 全国地方公共団体コード改正一覧表 (2005-04-01 onward)
18363,金津町,,,,disappeared after 2003 survey; no entry in official table (pre-2005-04 merger — successor needs the 平成合併 archive),empirical (vacancy survey code disappearance)
18364,丸岡町,,,,disappeared after 2003 survey; no entry in official table (pre-2005-04 merger — successor needs the 平成合併 archive),empirical (vacancy survey code disappearance)
18365,春江町,,,,disappeared after 2003 survey; no entry in official table (pre-2005-04 merger — successor needs the 平成合併 archive),empirical (vacancy survey code disappearance)
18462,名田庄村,18483,おおい町,2006,official record not seen in vacancy surveys,Soumu 全国地方公共団体コード改正一覧表 (2005-04-01 onward)
19321,石和町,,,,disappeared after 2003 survey; no entry in official table (pre-2005-04 merger — successor needs the 平成合併 archive),empirical (vacancy survey code disappearance)
19326,中道町,,,2006,official record without a linkable 新設 successor (absorption/編入),Soumu 全国地方公共団体コード改正一覧表 (2005-04-01 onward)
19327,芦川村,,,2006,official record without a linkable 新設 successor (absorption/編入),Soumu 全国地方公共団体コード改正一覧表 (2005-04-01 onward)
19342,三珠町,19346,市川三郷町,2005,official record not seen in vacancy surveys,Soumu 全国地方公共団体コード改正一覧表 (2005-04-01 onward)
19361,増穂町,19368,富士川町,2010,official record not seen in vacancy surveys,Soumu 全国地方公共団体コード改正一覧表 (2005-04-01 onward)
19381,竜王町,,,,disappeared after 2003 survey; no entry in official table (pre-2005-04 merger — successor needs the 平成合併 archive),empirical (vacancy survey code disappearance)
19382,敷島町,,,,disappeared after 2003 survey; no entry in official table (pre-2005-04 merger — successor needs the 平成合併 archive),empirical (vacancy survey code disappearance)
19383,玉穂町,19214,中央市,2006,official record not seen in vacancy surveys,Soumu 全国地方公共団体コード改正一覧表 (2005-04-01 onward)
19385,田富町,,,,disappeared after 2003 survey; no entry in official table (pre-2005-04 merger — successor needs the 平成合併 archive),empirical (vacancy survey code disappearance)
19407,小淵沢町,,,2006,official record without a linkable 新設 successor (absorption/編入),Soumu 全国地方公共団体コード改正一覧表 (2005-04-01 onward)
19426,河口湖町,,,,disappeared after 2003 survey; no entry in official table (pre-2005-04 merger — successor needs the 平成合併 archive),empirical (vacancy survey code disappearance)
19441,上野原町,,,,disappeared after 2003 survey; no entry in official table (pre-2005-04 merger — successor needs the 平成合併 archive),empirical (vacancy survey code disappearance)
20301,臼田町,,,,disappeared after 2003 survey; no entry in official table (pre-2005-04 merger — successor needs the 平成合併 archive),empirical (vacancy survey code disappearance)
20325,浅科村,,,2005,official record without a linkable 新設 successor (absorption/編入),Soumu 全国地方公共団体コード改正一覧表 (2005-04-01 onward)
20341,丸子町,,,2006,official record without a linkable 新設 successor (absorption/編入),Soumu 全国地方公共団体コード改正一覧表 (2005-04-01 onward)
20342,長門町,20590,飯綱町,2005,official record not seen in vacancy surveys,Soumu 全国地方公共団体コード改正一覧表 (2005-04-01 onward)
20343,東部町,,,,disappeared after 2003 survey; no entry in official table (pre-2005-04 merger — successor needs the 平成合併 archive),empirical (vacancy survey code disappearance)
20381,高遠町,,,2006,official record without a linkable 新設 successor (absorption/編入),Soumu 全国地方公共団体コード改正一覧表 (2005-04-01 onward)
20406,清内路村,,,2009,official record without a linkable 新設 successor (absorption/編入),Soumu 全国地方公共団体コード改正一覧表 (2005-04-01 onward)
20408,浪合村,,,2006,official record without a linkable 新設 successor (absorption/編入),Soumu 全国地方公共団体コード改正一覧表 (2005-04-01 onward)
20418,上村,20590,飯綱町,2005,official record not seen in vacancy surveys,Soumu 全国地方公共団体コード改正一覧表 (2005-04-01 onward)
20421,木曽福島町,20432,木曽町,2005,official record not seen in vacancy surveys,Soumu 全国地方公共団体コード改正一覧表 (2005-04-01 onward)
20424,楢川村,,,2005,official record without a linkable 新設 successor (absorption/編入),Soumu 全国地方公共団体コード改正一覧表 (2005-04-01 onward)
20441,明科町,20590,飯綱町,2005,official record not seen in vacancy surveys,Soumu 全国地方公共団体コード改正一覧表 (2005-04-01 onward)
20443,四賀村,,,2005,official record without a linkable 新設 successor (absorption/編入),Soumu 全国地方公共団体コード改正一覧表 (2005-04-01 onward)
20444,本城村,20452,筑北村,2005,official record not seen in vacancy surveys,Soumu 全国地方公共団体コード改正一覧表 (2005-04-01 onward)
20449,波田町,,,2010,official record without a linkable 新設 successor (absorption/編入),Soumu 全国地方公共団体コード改正一覧表 (2005-04-01 onward)
20461,豊科町,,,,disappeared after 2003 survey; no entry in official table (pre-2005-04 merger — successor needs the 平成合併 archive),empirical (vacancy survey code disappearance)
20462,穂高町,,,,disappeared after 2003 survey; no entry in official table (pre-2005-04 merger — successor needs the 平成合併 archive),empirical (vacancy survey code disappearance)
20466,三郷村,,,,disappeared after 2003 survey; no entry in official table (pre-2005-04 merger — successor needs the 平成合併 archive),empirical (vacancy survey code disappearance)
20483,八坂村,,,2006,official record without a linkable 新設 successor (absorption/編入),Soumu 全国地方公共団体コード改正一覧表 (2005-04-01 onward)
20581,信州新町,,,2010,official record without a linkable 新設 successor (absorption/編入),Soumu 全国地方公共団体コード改正一覧表 (2005-04-01 onward)
20584,牟礼村,20590,飯綱町,2005,official record not seen in vacancy surveys,Soumu 全国地方公共団体コード改正一覧表 (2005-04-01 onward)
20601,豊田村,,,2005,official record without a linkable 新設 successor (absorption/編入),Soumu 全国地方公共団体コード改正一覧表 (2005-04-01 onward)
21304,柳津町,,,2006,official record without a linkable 新設 successor (absorption/編入),Soumu 全国地方公共団体コード改正一覧表 (2005-04-01 onward)
21321,海津町,,,,disappeared after 2003 survey; no entry in official table (pre-2005-04 merger — successor needs the 平成合併 archive),empirical (vacancy survey code disappearance)
21323,南濃町,,,,disappeared after 2003 survey; no entry in official table (pre-2005-04 merger — successor needs the 平成合併 archive),empirical (vacancy survey code disappearance)
21342,上石津町,,,2006,official record without a linkable 新設 successor (absorption/編入),Soumu 全国地方公共団体コード改正一覧表 (2005-04-01 onward)
21481,八幡町,,,,disappeared after 2003 survey; no entry in official table (pre-2005-04 merger — successor needs the 平成合併 archive),empirical (vacancy survey code disappearance)
21523,兼山町,,,2005,official record without a linkable 新設 successor (absorption/編入),Soumu 全国地方公共団体コード改正一覧表 (2005-04-01 onward)
21541,笠原町,,,2006,official record without a linkable 新設 successor (absorption/編入),Soumu 全国地方公共団体コード改正一覧表 (2005-04-01 onward)
21621,古川町,,,,disappeared after 2003 survey; no entry in official table (pre-2005-04 merger — successor needs the 平成合併 archive),empirical (vacancy survey code disappearance)
22131,中区,,,,official record without a linkable 新設 successor (absorption/編入),Soumu 全国地方公共団体コード改正一覧表 (2005-04-01 onward)
22132,東区,,,,in 2023 survey but not in current Soumu municipality master (code reconciliation needed),empirical (vacancy survey code disappearance)
22133,西区,,,,in 2023 survey but not in current Soumu municipality master (code reconciliation needed),empirical (vacancy survey code disappearance)
22134,南区,,,,in 2023 survey but not in current Soumu municipality master (code reconciliation needed),empirical (vacancy survey code disappearance)
22135,北区,,,,in 2023 survey but not in current Soumu municipality master (code reconciliation needed),empirical (vacancy survey code disappearance)
22136,浜北区,,,,in 2023 survey but not in current Soumu municipality master (code reconciliation needed),empirical (vacancy survey code disappearance)
22137,天竜区,,,,in 2023 survey but not in current Soumu municipality master (code reconciliation needed),empirical (vacancy survey code disappearance)
22217,天竜市,,,2005,official record without a linkable 新設 successor (absorption/編入),Soumu 全国地方公共団体コード改正一覧表 (2005-04-01 onward)
22218,浜北市,,,,disappeared after 2003 survey; no entry in official table (pre-2005-04 merger — successor needs the 平成合併 archive),empirical (vacancy survey code disappearance)
22307,賀茂村,22225,伊豆の国市,2005,official record not seen in vacancy surveys,Soumu 全国地方公共団体コード改正一覧表 (2005-04-01 onward)
22322,修善寺町,,,,disappeared after 2003 survey; no entry in official table (pre-2005-04 merger — successor needs the 平成合併 archive),empirical (vacancy survey code disappearance)
22323,戸田村,22225,伊豆の国市,2005,official record not seen in vacancy surveys,Soumu 全国地方公共団体コード改正一覧表 (2005-04-01 onward)
22326,韮山町,,,,disappeared after 2003 survey; no entry in official table (pre-2005-04 merger — successor needs the 平成合併 archive),empirical (vacancy survey code disappearance)
22327,大仁町,,,,disappeared after 2003 survey; no entry in official table (pre-2005-04 merger — successor needs the 平成合併 archive),empirical (vacancy survey code disappearance)
22361,芝川町,,,2010,official record without a linkable 新設 successor (absorption/編入),Soumu 全国地方公共団体コード改正一覧表 (2005-04-01 onward)
22381,富士川町,,,2008,official record without a linkable 新設 successor (absorption/編入),Soumu 全国地方公共団体コード改正一覧表 (2005-04-01 onward)
22382,蒲原町,,,2006,official record without a linkable 新設 successor (absorption/編入),Soumu 全国地方公共団体コード改正一覧表 (2005-04-01 onward)
22383,由比町,,,2008,official record without a linkable 新設 successor (absorption/編入),Soumu 全国地方公共団体コード改正一覧表 (2005-04-01 onward)
22401,岡部町,,,2009,official record without a linkable 新設 successor (absorption/編入),Soumu 全国地方公共団体コード改正一覧表 (2005-04-01 onward)
22402,大井川町,,,2008,official record without a linkable 新設 successor (absorption/編入),Soumu 全国地方公共団体コード改正一覧表 (2005-04-01 onward)
22423,榛原町,,,,disappeared after 2003 survey; no entry in official table (pre-2005-04 merger — successor needs the 平成合併 archive),empirical (vacancy survey code disappearance)
22425,金谷町,,,2005,official record without a linkable 新設 successor (absorption/編入),Soumu 全国地方公共団体コード改正一覧表 (2005-04-01 onward)
22426,川根町,,,2008,official record without a linkable 新設 successor (absorption/編入),Soumu 全国地方公共団体コード改正一覧表 (2005-04-01 onward)
22427,中川根町,22429,川根本町,2005,official record not seen in vacancy surveys,Soumu 全国地方公共団体コード改正一覧表 (2005-04-01 onward)
22442,大須賀町,22225,伊豆の国市,2005,official record not seen in vacancy surveys,Soumu 全国地方公共団体コード改正一覧表 (2005-04-01 onward)
22444,浜岡町,,,,disappeared after 2003 survey; no entry in official table (pre-2005-04 merger — successor needs the 平成合併 archive),empirical (vacancy survey code disappearance)
22445,小笠町,,,,disappeared after 2003 survey; no entry in official table (pre-2005-04 merger — successor needs the 平成合併 archive),empirical (vacancy survey code disappearance)
22446,菊川町,,,,disappeared after 2003 survey; no entry in official table (pre-2005-04 merger — successor needs the 平成合併 archive),empirical (vacancy survey code disappearance)
22447,大東町,,,,disappeared after 2003 survey; no entry in official table (pre-2005-04 merger — successor needs the 平成合併 archive),empirical (vacancy survey code disappearance)
22483,竜洋町,,,,disappeared after 2003 survey; no entry in official table (pre-2005-04 merger — successor needs the 平成合併 archive),empirical (vacancy survey code disappearance)
22484,豊田町,,,,disappeared after 2003 survey; no entry in official table (pre-2005-04 merger — successor needs the 平成合併 archive),empirical (vacancy survey code disappearance)
22503,新居町,,,2010,official record without a linkable 新設 successor (absorption/編入),Soumu 全国地方公共団体コード改正一覧表 (2005-04-01 onward)
22521,細江町,,,,disappeared after 2003 survey; no entry in official table (pre-2005-04 merger — successor needs the 平成合併 archive),empirical (vacancy survey code disappearance)
22522,引佐町,,,,disappeared after 2003 survey; no entry in official table (pre-2005-04 merger — successor needs the 平成合併 archive),empirical (vacancy survey code disappearance)
22523,三ヶ日町,,,,disappeared after 2003 survey; no entry in official table (pre-2005-04 merger — successor needs the 平成合併 archive),empirical (vacancy survey code disappearance)
23304,長久手町,,,,official record without a linkable 新設 successor (absorption/編入),Soumu 全国地方公共団体コード改正一覧表 (2005-04-01 onward)
23344,西春町,,,,disappeared after 2003 survey; no entry in official table (pre-2005-04 merger — successor needs the 平成合併 archive),empirical (vacancy survey code disappearance)
23345,春日町,,,2009,official record without a linkable 新設 successor (absorption/編入),Soumu 全国地方公共団体コード改正一覧表 (2005-04-01 onward)
23346,清洲町,,,,disappeared after 2003 survey; no entry in official table (pre-2005-04 merger — successor needs the 平成合併 archive),empirical (vacancy survey code disappearance)
23347,新川町,,,,disappeared after 2003 survey; no entry in official table (pre-2005-04 merger — successor needs the 平成合併 archive),empirical (vacancy survey code disappearance)
23381,木曽川町,,,,disappeared after 2003 survey; no entry in official table (pre-2005-04 merger — successor needs the 平成合併 archive),empirical (vacancy survey code disappearance)
23422,美和町,,,,disappeared after 2008 survey; no entry in official table (pre-2005-04 merger — successor needs the 平成合併 archive),empirical (vacancy survey code disappearance)
23423,甚目寺町,,,,disappeared after 2008 survey; no entry in official table (pre-2005-04 merger — successor needs the 平成合併 archive),empirical (vacancy survey code disappearance)
23426,十四山村,23235,弥富市,2006,official record not seen in vacancy surveys,Soumu 全国地方公共団体コード改正一覧表 (2005-04-01 onward)
23432,佐織町,,,,disappeared after 2003 survey; no entry in official table (pre-2005-04 merger — successor needs the 平成合併 archive),empirical (vacancy survey code disappearance)
23481,一色町,,,2011,official record without a linkable 新設 successor (absorption/編入),Soumu 全国地方公共団体コード改正一覧表 (2005-04-01 onward)
23482,吉良町,,,,disappeared after 2008 survey; no entry in official table (pre-2005-04 merger — successor needs the 平成合併 archive),empirical (vacancy survey code disappearance)
23502,額田町,,,2006,official record without a linkable 新設 successor (absorption/編入),Soumu 全国地方公共団体コード改正一覧表 (2005-04-01 onward)
23564,富山村,,,2005,official record without a linkable 新設 successor (absorption/編入),Soumu 全国地方公共団体コード改正一覧表 (2005-04-01 onward)
23565,津具村,,,2005,official record without a linkable 新設 successor (absorption/編入),Soumu 全国地方公共団体コード改正一覧表 (2005-04-01 onward)
23581,鳳来町,,,2005,official record without a linkable 新設 successor (absorption/編入),Soumu 全国地方公共団体コード改正一覧表 (2005-04-01 onward)
23601,音羽町,,,2008,official record without a linkable 新設 successor (absorption/編入),Soumu 全国地方公共団体コード改正一覧表 (2005-04-01 onward)
23602,一宮町,,,2006,official record without a linkable 新設 successor (absorption/編入),Soumu 全国地方公共団体コード改正一覧表 (2005-04-01 onward)
23603,小坂井町,,,2010,official record without a linkable 新設 successor (absorption/編入),Soumu 全国地方公共団体コード改正一覧表 (2005-04-01 onward)
23623,渥美町,,,2005,official record without a linkable 新設 successor (absorption/編入),Soumu 全国地方公共団体コード改正一覧表 (2005-04-01 onward)
24206,上野市,,,,disappeared after 2003 survey; no entry in official table (pre-2005-04 merger — successor needs the 平成合併 archive),empirical (vacancy survey code disappearance)
24213,久居市,,,2006,official record without a linkable 新設 successor (absorption/編入),Soumu 全国地方公共団体コード改正一覧表 (2005-04-01 onward)
24302,長島町,,,,disappeared after 2003 survey; no entry in official table (pre-2005-04 merger — successor needs the 平成合併 archive),empirical (vacancy survey code disappearance)
24323,大安町,,,,disappeared after 2003 survey; no entry in official table (pre-2005-04 merger — successor needs the 平成合併 archive),empirical (vacancy survey code disappearance)
24381,河芸町,,,,disappeared after 2003 survey; no entry in official table (pre-2005-04 merger — successor needs the 平成合併 archive),empirical (vacancy survey code disappearance)
24405,嬉野町,,,,disappeared after 2003 survey; no entry in official table (pre-2005-04 merger — successor needs the 平成合併 archive),empirical (vacancy survey code disappearance)
24444,勢和村,,,2006,official record without a linkable 新設 successor (absorption/編入),Soumu 全国地方公共団体コード改正一覧表 (2005-04-01 onward)
24445,宮川村,,,2006,official record without a linkable 新設 successor (absorption/編入),Soumu 全国地方公共団体コード改正一覧表 (2005-04-01 onward)
24462,二見町,,,2005,official record without a linkable 新設 successor (absorption/編入),Soumu 全国地方公共団体コード改正一覧表 (2005-04-01 onward)
24463,小俣町,,,,disappeared after 2003 survey; no entry in official table (pre-2005-04 merger — successor needs the 平成合併 archive),empirical (vacancy survey code disappearance)
24464,南勢町,24472,南伊勢町,2005,official record not seen in vacancy surveys,Soumu 全国地方公共団体コード改正一覧表 (2005-04-01 onward)
24524,阿児町,,,,disappeared after 2003 survey; no entry in official table (pre-2005-04 merger — successor needs the 平成合併 archive),empirical (vacancy survey code disappearance)
24541,紀伊長島町,24543,紀北町,2005,official record not seen in vacancy surveys,Soumu 全国地方公共団体コード改正一覧表 (2005-04-01 onward)
24563,紀和町,,,2005,official record without a linkable 新設 successor (absorption/編入),Soumu 全国地方公共団体コード改正一覧表 (2005-04-01 onward)
24564,鵜殿村,,,2006,official record without a linkable 新設 successor (absorption/編入),Soumu 全国地方公共団体コード改正一覧表 (2005-04-01 onward)
25205,八日市市,,,,disappeared after 2003 survey; no entry in official table (pre-2005-04 merger — successor needs the 平成合併 archive),empirical (vacancy survey code disappearance)
25301,志賀町,,,2006,official record without a linkable 新設 successor (absorption/編入),Soumu 全国地方公共団体コード改正一覧表 (2005-04-01 onward)
25343,野洲町,,,,disappeared after 2003 survey; no entry in official table (pre-2005-04 merger — successor needs the 平成合併 archive),empirical (vacancy survey code disappearance)
25362,甲西町,,,,disappeared after 2003 survey; no entry in official table (pre-2005-04 merger — successor needs the 平成合併 archive),empirical (vacancy survey code disappearance)
25363,水口町,,,,disappeared after 2003 survey; no entry in official table (pre-2005-04 merger — successor needs the 平成合併 archive),empirical (vacancy survey code disappearance)
25366,甲南町,,,,disappeared after 2003 survey; no entry in official table (pre-2005-04 merger — successor needs the 平成合併 archive),empirical (vacancy survey code disappearance)
25381,安土町,,,2010,official record without a linkable 新設 successor (absorption/編入),Soumu 全国地方公共団体コード改正一覧表 (2005-04-01 onward)
25382,蒲生町,,,2006,official record without a linkable 新設 successor (absorption/編入),Soumu 全国地方公共団体コード改正一覧表 (2005-04-01 onward)
25403,能登川町,,,,disappeared after 2003 survey; no entry in official table (pre-2005-04 merger — successor needs the 平成合併 archive),empirical (vacancy survey code disappearance)
25423,秦荘町,25425,愛荘町,2006,official record not seen in vacancy surveys,Soumu 全国地方公共団体コード改正一覧表 (2005-04-01 onward)
25464,近江町,,,2005,official record without a linkable 新設 successor (absorption/編入),Soumu 全国地方公共団体コード改正一覧表 (2005-04-01 onward)
25481,浅井町,25425,愛荘町,2006,official record not seen in vacancy surveys,Soumu 全国地方公共団体コード改正一覧表 (2005-04-01 onward)
25482,虎姫町,,,2010,official record without a linkable 新設 successor (absorption/編入),Soumu 全国地方公共団体コード改正一覧表 (2005-04-01 onward)
26361,山城町,26214,木津川市,2007,official record not seen in vacancy surveys,Soumu 全国地方公共団体コード改正一覧表 (2005-04-01 onward)
26362,木津町,,,,disappeared after 2003 survey; no entry in official table (pre-2005-04 merger — successor needs the 平成合併 archive),empirical (vacancy survey code disappearance)
26363,加茂町,,,,disappeared after 2003 survey; no entry in official table (pre-2005-04 merger — successor needs the 平成合併 archive),empirical (vacancy survey code disappearance)
26381,京北町,,,2005,official record without a linkable 新設 successor (absorption/編入),Soumu 全国地方公共団体コード改正一覧表 (2005-04-01 onward)
26403,丹波町,26407,京丹波町,2005,official record not seen in vacancy surveys,Soumu 全国地方公共団体コード改正一覧表 (2005-04-01 onward)
26421,三和町,26213,南丹市,2006,official record not seen in vacancy surveys,Soumu 全国地方公共団体コード改正一覧表 (2005-04-01 onward)
26461,加悦町,26465,与謝野町,2006,official record not seen in vacancy surveys,Soumu 全国地方公共団体コード改正一覧表 (2005-04-01 onward)
26501,網野町,,,,disappeared after 2003 survey; no entry in official table (pre-2005-04 merger — successor needs the 平成合併 archive),empirical (vacancy survey code disappearance)
27385,美原町,,,,disappeared after 2003 survey; no entry in official table (pre-2005-04 merger — successor needs the 平成合併 archive),empirical (vacancy survey code disappearance)
28321,吉川町,,,2005,official record without a linkable 新設 successor (absorption/編入),Soumu 全国地方公共団体コード改正一覧表 (2005-04-01 onward)
28361,中町,28365,多可町,2005,official record not seen in vacancy surveys,Soumu 全国地方公共団体コード改正一覧表 (2005-04-01 onward)
28364,黒田庄町,28586,新温泉町,2005,official record not seen in vacancy surveys,Soumu 全国地方公共団体コード改正一覧表 (2005-04-01 onward)
28422,夢前町,,,,disappeared after 2003 survey; no entry in official table (pre-2005-04 merger — successor needs the 平成合併 archive),empirical (vacancy survey code disappearance)
28441,神崎町,28446,神河町,2005,official record not seen in vacancy surveys,Soumu 全国地方公共団体コード改正一覧表 (2005-04-01 onward)
28444,香寺町,,,2006,official record without a linkable 新設 successor (absorption/編入),Soumu 全国地方公共団体コード改正一覧表 (2005-04-01 onward)
28461,新宮町,,,,disappeared after 2003 survey; no entry in official table (pre-2005-04 merger — successor needs the 平成合併 archive),empirical (vacancy survey code disappearance)
28502,上月町,28586,新温泉町,2005,official record not seen in vacancy surveys,Soumu 全国地方公共団体コード改正一覧表 (2005-04-01 onward)
28541,城崎町,28226,淡路市,2005,official record not seen in vacancy surveys,Soumu 全国地方公共団体コード改正一覧表 (2005-04-01 onward)
28543,香住町,28226,淡路市,2005,official record not seen in vacancy surveys,Soumu 全国地方公共団体コード改正一覧表 (2005-04-01 onward)
28544,日高町,,,,disappeared after 2003 survey; no entry in official table (pre-2005-04 merger — successor needs the 平成合併 archive),empirical (vacancy survey code disappearance)
28582,浜坂町,28586,新温泉町,2005,official record not seen in vacancy surveys,Soumu 全国地方公共団体コード改正一覧表 (2005-04-01 onward)
28621,生野町,28226,淡路市,2005,official record not seen in vacancy surveys,Soumu 全国地方公共団体コード改正一覧表 (2005-04-01 onward)
28622,和田山町,,,,disappeared after 2003 survey; no entry in official table (pre-2005-04 merger — successor needs the 平成合併 archive),empirical (vacancy survey code disappearance)
28642,氷上町,,,,disappeared after 2003 survey; no entry in official table (pre-2005-04 merger — successor needs the 平成合併 archive),empirical (vacancy survey code disappearance)
28685,五色町,,,2006,official record without a linkable 新設 successor (absorption/編入),Soumu 全国地方公共団体コード改正一覧表 (2005-04-01 onward)
28703,三原町,,,,disappeared after 2003 survey; no entry in official table (pre-2005-04 merger — successor needs the 平成合併 archive),empirical (vacancy survey code disappearance)
28704,南淡町,,,,disappeared after 2003 survey; no entry in official table (pre-2005-04 merger — successor needs the 平成合併 archive),empirical (vacancy survey code disappearance)
29301,月ヶ瀬村,,,2005,official record without a linkable 新設 successor (absorption/編入),Soumu 全国地方公共団体コード改正一覧表 (2005-04-01 onward)
29381,大宇陀町,29212,宇陀市,2006,official record not seen in vacancy surveys,Soumu 全国地方公共団体コード改正一覧表 (2005-04-01 onward)
29383,榛原町,,,,disappeared after 2003 survey; no entry in official table (pre-2005-04 merger — successor needs the 平成合併 archive),empirical (vacancy survey code disappearance)
29421,新庄町,,,,disappeared after 2003 survey; no entry in official table (pre-2005-04 merger — successor needs the 平成合併 archive),empirical (vacancy survey code disappearance)
29422,當麻町,,,,disappeared after 2003 survey; no entry in official table (pre-2005-04 merger — successor needs the 平成合併 archive),empirical (vacancy survey code disappearance)
29445,西吉野村,,,2005,official record without a linkable 新設 successor (absorption/編入),Soumu 全国地方公共団体コード改正一覧表 (2005-04-01 onward)
30301,下津町,30428,串本町,2005,official record not seen in vacancy surveys,Soumu 全国地方公共団体コード改正一覧表 (2005-04-01 onward)
30302,野上町,30366,有田川町,2006,official record not seen in vacancy surveys,Soumu 全国地方公共団体コード改正一覧表 (2005-04-01 onward)
30322,粉河町,,,,disappeared after 2003 survey; no entry in official table (pre-2005-04 merger — successor needs the 平成合併 archive),empirical (vacancy survey code disappearance)
30325,貴志川町,,,,disappeared after 2003 survey; no entry in official table (pre-2005-04 merger — successor needs the 平成合併 archive),empirical (vacancy survey code disappearance)
30342,高野口町,,,2006,official record without a linkable 新設 successor (absorption/編入),Soumu 全国地方公共団体コード改正一覧表 (2005-04-01 onward)
30345,花園村,,,2005,official record without a linkable 新設 successor (absorption/編入),Soumu 全国地方公共団体コード改正一覧表 (2005-04-01 onward)
30363,吉備町,30366,有田川町,2006,official record not seen in vacancy surveys,Soumu 全国地方公共団体コード改正一覧表 (2005-04-01 onward)
30384,川辺町,30392,日高川町,2005,official record not seen in vacancy surveys,Soumu 全国地方公共団体コード改正一覧表 (2005-04-01 onward)
30387,龍神村,30392,日高川町,2005,official record not seen in vacancy surveys,Soumu 全国地方公共団体コード改正一覧表 (2005-04-01 onward)
30405,日置川町,,,2006,official record without a linkable 新設 successor (absorption/編入),Soumu 全国地方公共団体コード改正一覧表 (2005-04-01 onward)
30425,熊野川町,,,2005,official record without a linkable 新設 successor (absorption/編入),Soumu 全国地方公共団体コード改正一覧表 (2005-04-01 onward)
31366,北条町,31372,北栄町,2005,official record not seen in vacancy surveys,Soumu 全国地方公共団体コード改正一覧表 (2005-04-01 onward)
32208,平田市,,,,disappeared after 2003 survey; no entry in official table (pre-2005-04 merger — successor needs the 平成合併 archive),empirical (vacancy survey code disappearance)
32304,東出雲町,,,2011,official record without a linkable 新設 successor (absorption/編入),Soumu 全国地方公共団体コード改正一覧表 (2005-04-01 onward)
32401,斐川町,,,2011,official record without a linkable 新設 successor (absorption/編入),Soumu 全国地方公共団体コード改正一覧表 (2005-04-01 onward)
32405,大社町,,,,disappeared after 2003 survey; no entry in official table (pre-2005-04 merger — successor needs the 平成合併 archive),empirical (vacancy survey code disappearance)
32421,温泉津町,32505,吉賀町,2005,official record not seen in vacancy surveys,Soumu 全国地方公共団体コード改正一覧表 (2005-04-01 onward)
32462,金城町,32505,吉賀町,2005,official record not seen in vacancy surveys,Soumu 全国地方公共団体コード改正一覧表 (2005-04-01 onward)
32502,日原町,,,2005,official record without a linkable 新設 successor (absorption/編入),Soumu 全国地方公共団体コード改正一覧表 (2005-04-01 onward)
32503,柿木村,32505,吉賀町,2005,official record not seen in vacancy surveys,Soumu 全国地方公共団体コード改正一覧表 (2005-04-01 onward)
33201,岡山市,33100,岡山市,2009,successor 33100 became a designated city; represented as its wards in municipalities.csv,Soumu 全国地方公共団体コード改正一覧表 (2005-04-01 onward)
33303,建部町,,,2007,official record without a linkable 新設 successor (absorption/編入),Soumu 全国地方公共団体コード改正一覧表 (2005-04-01 onward)
33322,山陽町,,,,disappeared after 2003 survey; no entry in official table (pre-2005-04 merger — successor needs the 平成合併 archive),empirical (vacancy survey code disappearance)
33345,佐伯町,,,2006,official record without a linkable 新設 successor (absorption/編入),Soumu 全国地方公共団体コード改正一覧表 (2005-04-01 onward)
33362,邑久町,,,,disappeared after 2003 survey; no entry in official table (pre-2005-04 merger — successor needs the 平成合併 archive),empirical (vacancy survey code disappearance)
33401,灘崎町,,,,disappeared after 2003 survey; no entry in official table (pre-2005-04 merger — successor needs the 平成合併 archive),empirical (vacancy survey code disappearance)
33441,船穂町,,,2005,official record without a linkable 新設 successor (absorption/編入),Soumu 全国地方公共団体コード改正一覧表 (2005-04-01 onward)
33442,金光町,33216,浅口市,2006,official record not seen in vacancy surveys,Soumu 全国地方公共団体コード改正一覧表 (2005-04-01 onward)
33443,鴨方町,,,,disappeared after 2003 survey; no entry in official table (pre-2005-04 merger — successor needs the 平成合併 archive),empirical (vacancy survey code disappearance)
33503,真備町,,,,disappeared after 2003 survey; no entry in official table (pre-2005-04 merger — successor needs the 平成合併 archive),empirical (vacancy survey code disappearance)
33582,落合町,,,,disappeared after 2003 survey; no entry in official table (pre-2005-04 merger — successor needs the 平成合併 archive),empirical (vacancy survey code disappearance)
34206,因島市,,,2006,official record without a linkable 新設 successor (absorption/編入),Soumu 全国地方公共団体コード改正一覧表 (2005-04-01 onward)
34311,音戸町,,,,disappeared after 2003 survey; no entry in official table (pre-2005-04 merger — successor needs the 平成合併 archive),empirical (vacancy survey code disappearance)
34323,大野町,,,2005,official record without a linkable 新設 successor (absorption/編入),Soumu 全国地方公共団体コード改正一覧表 (2005-04-01 onward)
34324,湯来町,,,2005,official record without a linkable 新設 successor (absorption/編入),Soumu 全国地方公共団体コード改正一覧表 (2005-04-01 onward)
34327,宮島町,,,2005,official record without a linkable 新設 successor (absorption/編入),Soumu 全国地方公共団体コード改正一覧表 (2005-04-01 onward)
34402,黒瀬町,,,,disappeared after 2003 survey; no entry in official table (pre-2005-04 merger — successor needs the 平成合併 archive),empirical (vacancy survey code disappearance)
34430,瀬戸田町,,,2006,official record without a linkable 新設 successor (absorption/編入),Soumu 全国地方公共団体コード改正一覧表 (2005-04-01 onward)
34444,向島町,,,,disappeared after 2003 survey; no entry in official table (pre-2005-04 merger — successor needs the 平成合併 archive),empirical (vacancy survey code disappearance)
34501,神辺町,,,2006,official record without a linkable 新設 successor (absorption/編入),Soumu 全国地方公共団体コード改正一覧表 (2005-04-01 onward)
35209,小野田市,,,,disappeared after 2003 survey; no entry in official table (pre-2005-04 merger — successor needs the 平成合併 archive),empirical (vacancy survey code disappearance)
35322,由宇町,,,2006,official record without a linkable 新設 successor (absorption/編入),Soumu 全国地方公共団体コード改正一覧表 (2005-04-01 onward)
35381,徳地町,,,2005,official record without a linkable 新設 successor (absorption/編入),Soumu 全国地方公共団体コード改正一覧表 (2005-04-01 onward)
35402,小郡町,,,,disappeared after 2003 survey; no entry in official table (pre-2005-04 merger — successor needs the 平成合併 archive),empirical (vacancy survey code disappearance)
35422,山陽町,,,,disappeared after 2003 survey; no entry in official table (pre-2005-04 merger — successor needs the 平成合併 archive),empirical (vacancy survey code disappearance)
35443,豊浦町,,,,disappeared after 2003 survey; no entry in official table (pre-2005-04 merger — successor needs the 平成合併 archive),empirical (vacancy survey code disappearance)
35461,美東町,,,2008,official record without a linkable 新設 successor (absorption/編入),Soumu 全国地方公共団体コード改正一覧表 (2005-04-01 onward)
35504,阿東町,,,2010,official record without a linkable 新設 successor (absorption/編入),Soumu 全国地方公共団体コード改正一覧表 (2005-04-01 onward)
36361,那賀川町,,,2006,official record without a linkable 新設 successor (absorption/編入),Soumu 全国地方公共団体コード改正一覧表 (2005-04-01 onward)
36362,羽ノ浦町,,,2006,official record without a linkable 新設 successor (absorption/編入),Soumu 全国地方公共団体コード改正一覧表 (2005-04-01 onward)
36381,由岐町,36388,海陽町,2006,official record not seen in vacancy surveys,Soumu 全国地方公共団体コード改正一覧表 (2005-04-01 onward)
36384,海南町,36388,海陽町,2006,official record not seen in vacancy surveys,Soumu 全国地方公共団体コード改正一覧表 (2005-04-01 onward)
36406,吉野町,36206,阿波市,2005,official record not seen in vacancy surveys,Soumu 全国地方公共団体コード改正一覧表 (2005-04-01 onward)
36407,土成町,36206,阿波市,2005,official record not seen in vacancy surveys,Soumu 全国地方公共団体コード改正一覧表 (2005-04-01 onward)
36441,鴨島町,,,,disappeared after 2003 survey; no entry in official table (pre-2005-04 merger — successor needs the 平成合併 archive),empirical (vacancy survey code disappearance)
36461,脇町,,,,disappeared after 2003 survey; no entry in official table (pre-2005-04 merger — successor needs the 平成合併 archive),empirical (vacancy survey code disappearance)
36481,三野町,36489,東みよし町,2006,official record not seen in vacancy surveys,Soumu 全国地方公共団体コード改正一覧表 (2005-04-01 onward)
36482,三好町,36489,東みよし町,2006,official record not seen in vacancy surveys,Soumu 全国地方公共団体コード改正一覧表 (2005-04-01 onward)
36483,池田町,,,,disappeared after 2003 survey; no entry in official table (pre-2005-04 merger — successor needs the 平成合併 archive),empirical (vacancy survey code disappearance)
37321,内海町,37387,綾川町,2006,official record not seen in vacancy surveys,Soumu 全国地方公共団体コード改正一覧表 (2005-04-01 onward)
37342,牟礼町,,,2006,official record without a linkable 新設 successor (absorption/編入),Soumu 全国地方公共団体コード改正一覧表 (2005-04-01 onward)
37343,庵治町,,,2006,official record without a linkable 新設 successor (absorption/編入),Soumu 全国地方公共団体コード改正一覧表 (2005-04-01 onward)
37361,塩江町,,,2005,official record without a linkable 新設 successor (absorption/編入),Soumu 全国地方公共団体コード改正一覧表 (2005-04-01 onward)
37362,香川町,,,,disappeared after 2003 survey; no entry in official table (pre-2005-04 merger — successor needs the 平成合併 archive),empirical (vacancy survey code disappearance)
37381,綾上町,37387,綾川町,2006,official record not seen in vacancy surveys,Soumu 全国地方公共団体コード改正一覧表 (2005-04-01 onward)
37382,綾南町,,,,disappeared after 2003 survey; no entry in official table (pre-2005-04 merger — successor needs the 平成合併 archive),empirical (vacancy survey code disappearance)
37383,国分寺町,,,,disappeared after 2003 survey; no entry in official table (pre-2005-04 merger — successor needs the 平成合併 archive),empirical (vacancy survey code disappearance)
37385,飯山町,,,,disappeared after 2003 survey; no entry in official table (pre-2005-04 merger — successor needs the 平成合併 archive),empirical (vacancy survey code disappearance)
37401,琴南町,37406,まんのう町,2006,official record not seen in vacancy surveys,Soumu 全国地方公共団体コード改正一覧表 (2005-04-01 onward)
37424,大野原町,,,2005,official record without a linkable 新設 successor (absorption/編入),Soumu 全国地方公共団体コード改正一覧表 (2005-04-01 onward)
37426,詫間町,,,,disappeared after 2003 survey; no entry in official table (pre-2005-04 merger — successor needs the 平成合併 archive),empirical (vacancy survey code disappearance)
38208,川之江市,,,,disappeared after 2003 survey; no entry in official table (pre-2005-04 merger — successor needs the 平成合併 archive),empirical (vacancy survey code disappearance)
38209,伊予三島市,,,,disappeared after 2003 survey; no entry in official table (pre-2005-04 merger — successor needs the 平成合併 archive),empirical (vacancy survey code disappearance)
38211,北条市,,,,disappeared after 2003 survey; no entry in official table (pre-2005-04 merger — successor needs the 平成合併 archive),empirical (vacancy survey code disappearance)
38212,東予市,,,,disappeared after 2003 survey; no entry in official table (pre-2005-04 merger — successor needs the 平成合併 archive),empirical (vacancy survey code disappearance)
38302,土居町,,,,disappeared after 2003 survey; no entry in official table (pre-2005-04 merger — successor needs the 平成合併 archive),empirical (vacancy survey code disappearance)
38361,重信町,,,,disappeared after 2003 survey; no entry in official table (pre-2005-04 merger — successor needs the 平成合併 archive),empirical (vacancy survey code disappearance)
38404,中山町,,,2005,official record without a linkable 新設 successor (absorption/編入),Soumu 全国地方公共団体コード改正一覧表 (2005-04-01 onward)
38443,瀬戸町,,,2005,official record without a linkable 新設 successor (absorption/編入),Soumu 全国地方公共団体コード改正一覧表 (2005-04-01 onward)
38462,宇和町,,,,disappeared after 2003 survey; no entry in official table (pre-2005-04 merger — successor needs the 平成合併 archive),empirical (vacancy survey code disappearance)
38481,吉田町,,,2005,official record without a linkable 新設 successor (absorption/編入),Soumu 全国地方公共団体コード改正一覧表 (2005-04-01 onward)
39321,赤岡町,39212,香美市,2006,official record not seen in vacancy surveys,Soumu 全国地方公共団体コード改正一覧表 (2005-04-01 onward)
39324,野市町,,,,disappeared after 2003 survey; no entry in official table (pre-2005-04 merger — successor needs the 平成合併 archive),empirical (vacancy survey code disappearance)
39381,伊野町,,,,disappeared after 2003 survey; no entry in official table (pre-2005-04 merger — successor needs the 平成合併 archive),empirical (vacancy survey code disappearance)
39382,池川町,39387,仁淀川町,2005,official record not seen in vacancy surveys,Soumu 全国地方公共団体コード改正一覧表 (2005-04-01 onward)
39383,春野町,,,2008,official record without a linkable 新設 successor (absorption/編入),Soumu 全国地方公共団体コード改正一覧表 (2005-04-01 onward)
39404,窪川町,39412,四万十町,2006,official record not seen in vacancy surveys,Soumu 全国地方公共団体コード改正一覧表 (2005-04-01 onward)
39406,大野見村,,,2006,official record without a linkable 新設 successor (absorption/編入),Soumu 全国地方公共団体コード改正一覧表 (2005-04-01 onward)
39421,佐賀町,39412,四万十町,2006,official record not seen in vacancy surveys,Soumu 全国地方公共団体コード改正一覧表 (2005-04-01 onward)
40305,那珂川町,,,,official record without a linkable 新設 successor (absorption/編入),Soumu 全国地方公共団体コード改正一覧表 (2005-04-01 onward)
40362,福間町,,,,disappeared after 2003 survey; no entry in official table (pre-2005-04 merger — successor needs the 平成合併 archive),empirical (vacancy survey code disappearance)
40422,稲築町,,,,disappeared after 2003 survey; no entry in official table (pre-2005-04 merger — successor needs the 平成合併 archive),empirical (vacancy survey code disappearance)
40425,筑穂町,,,2006,official record without a linkable 新設 successor (absorption/編入),Soumu 全国地方公共団体コード改正一覧表 (2005-04-01 onward)
40426,穂波町,,,,disappeared after 2003 survey; no entry in official table (pre-2005-04 merger — successor needs the 平成合併 archive),empirical (vacancy survey code disappearance)
40444,夜須町,,,,disappeared after 2003 survey; no entry in official table (pre-2005-04 merger — successor needs the 平成合併 archive),empirical (vacancy survey code disappearance)
40463,志摩町,,,,disappeared after 2008 survey; no entry in official table (pre-2005-04 merger — successor needs the 平成合併 archive),empirical (vacancy survey code disappearance)
40481,吉井町,,,,disappeared after 2003 survey; no entry in official table (pre-2005-04 merger — successor needs the 平成合併 archive),empirical (vacancy survey code disappearance)
40482,田主丸町,,,,disappeared after 2003 survey; no entry in official table (pre-2005-04 merger — successor needs the 平成合併 archive),empirical (vacancy survey code disappearance)
40483,浮羽町,,,,disappeared after 2003 survey; no entry in official table (pre-2005-04 merger — successor needs the 平成合併 archive),empirical (vacancy survey code disappearance)
40501,北野町,,,,disappeared after 2003 survey; no entry in official table (pre-2005-04 merger — successor needs the 平成合併 archive),empirical (vacancy survey code disappearance)
40523,三潴町,,,,disappeared after 2003 survey; no entry in official table (pre-2005-04 merger — successor needs the 平成合併 archive),empirical (vacancy survey code disappearance)
40541,黒木町,,,2010,official record without a linkable 新設 successor (absorption/編入),Soumu 全国地方公共団体コード改正一覧表 (2005-04-01 onward)
40542,上陽町,,,2006,official record without a linkable 新設 successor (absorption/編入),Soumu 全国地方公共団体コード改正一覧表 (2005-04-01 onward)
40562,大和町,,,,disappeared after 2003 survey; no entry in official table (pre-2005-04 merger — successor needs the 平成合併 archive),empirical (vacancy survey code disappearance)
40563,三橋町,,,,disappeared after 2003 survey; no entry in official table (pre-2005-04 merger — successor needs the 平成合併 archive),empirical (vacancy survey code disappearance)
40581,高田町,,,,disappeared after 2003 survey; no entry in official table (pre-2005-04 merger — successor needs the 平成合併 archive),empirical (vacancy survey code disappearance)
40603,金田町,40610,福智町,2006,official record not seen in vacancy surveys,Soumu 全国地方公共団体コード改正一覧表 (2005-04-01 onward)
40622,犀川町,40625,みやこ町,2006,official record not seen in vacancy surveys,Soumu 全国地方公共団体コード改正一覧表 (2005-04-01 onward)
40641,椎田町,40647,築上町,2006,official record not seen in vacancy surveys,Soumu 全国地方公共団体コード改正一覧表 (2005-04-01 onward)
40644,新吉富村,40646,上毛町,2005,official record not seen in vacancy surveys,Soumu 全国地方公共団体コード改正一覧表 (2005-04-01 onward)
41301,諸富町,,,2005,official record without a linkable 新設 successor (absorption/編入),Soumu 全国地方公共団体コード改正一覧表 (2005-04-01 onward)
41302,川副町,,,2007,official record without a linkable 新設 successor (absorption/編入),Soumu 全国地方公共団体コード改正一覧表 (2005-04-01 onward)
41305,大和町,,,,disappeared after 2003 survey; no entry in official table (pre-2005-04 merger — successor needs the 平成合併 archive),empirical (vacancy survey code disappearance)
41323,三田川町,41327,吉野ヶ里町,2006,official record not seen in vacancy surveys,Soumu 全国地方公共団体コード改正一覧表 (2005-04-01 onward)
41361,小城町,,,,disappeared after 2003 survey; no entry in official table (pre-2005-04 merger — successor needs the 平成合併 archive),empirical (vacancy survey code disappearance)
41382,七山村,41209,嬉野市,2006,official record not seen in vacancy surveys,Soumu 全国地方公共団体コード改正一覧表 (2005-04-01 onward)
41402,西有田町,41327,吉野ヶ里町,2006,official record not seen in vacancy surveys,Soumu 全国地方公共団体コード改正一覧表 (2005-04-01 onward)
41421,山内町,41327,吉野ヶ里町,2006,official record not seen in vacancy surveys,Soumu 全国地方公共団体コード改正一覧表 (2005-04-01 onward)
41442,塩田町,41209,嬉野市,2006,official record not seen in vacancy surveys,Soumu 全国地方公共団体コード改正一覧表 (2005-04-01 onward)
41443,嬉野町,,,,disappeared after 2003 survey; no entry in official table (pre-2005-04 merger — successor needs the 平成合併 archive),empirical (vacancy survey code disappearance)
42206,福江市,,,,disappeared after 2003 survey; no entry in official table (pre-2005-04 merger — successor needs the 平成合併 archive),empirical (vacancy survey code disappearance)
42306,多良見町,,,,disappeared after 2003 survey; no entry in official table (pre-2005-04 merger — successor needs the 平成合併 archive),empirical (vacancy survey code disappearance)
42309,琴海町,,,2006,official record without a linkable 新設 successor (absorption/編入),Soumu 全国地方公共団体コード改正一覧表 (2005-04-01 onward)
42310,西彼町,42212,西海市,2005,official record not seen in vacancy surveys,Soumu 全国地方公共団体コード改正一覧表 (2005-04-01 onward)
42361,有明町,,,2006,official record without a linkable 新設 successor (absorption/編入),Soumu 全国地方公共団体コード改正一覧表 (2005-04-01 onward)
42362,国見町,42213,雲仙市,2005,official record not seen in vacancy surveys,Soumu 全国地方公共団体コード改正一覧表 (2005-04-01 onward)
42369,加津佐町,42214,南島原市,2006,official record not seen in vacancy surveys,Soumu 全国地方公共団体コード改正一覧表 (2005-04-01 onward)
42381,大島村,,,2005,official record without a linkable 新設 successor (absorption/編入),Soumu 全国地方公共団体コード改正一覧表 (2005-04-01 onward)
42384,宇久町,42214,南島原市,2006,official record not seen in vacancy surveys,Soumu 全国地方公共団体コード改正一覧表 (2005-04-01 onward)
42386,福島町,,,2006,official record without a linkable 新設 successor (absorption/編入),Soumu 全国地方公共団体コード改正一覧表 (2005-04-01 onward)
42388,江迎町,,,2010,official record without a linkable 新設 successor (absorption/編入),Soumu 全国地方公共団体コード改正一覧表 (2005-04-01 onward)
42392,吉井町,42212,西海市,2005,official record not seen in vacancy surveys,Soumu 全国地方公共団体コード改正一覧表 (2005-04-01 onward)
42441,厳原町,,,,disappeared after 2003 survey; no entry in official table (pre-2005-04 merger — successor needs the 平成合併 archive),empirical (vacancy survey code disappearance)
43201,熊本市,43100,熊本市,2012,successor 43100 became a designated city; represented as its wards in municipalities.csv,Soumu 全国地方公共団体コード改正一覧表 (2005-04-01 onward)
43209,牛深市,,,,disappeared after 2003 survey; no entry in official table (pre-2005-04 merger — successor needs the 平成合併 archive),empirical (vacancy survey code disappearance)
43341,城南町,,,2010,official record without a linkable 新設 successor (absorption/編入),Soumu 全国地方公共団体コード改正一覧表 (2005-04-01 onward)
43342,富合町,,,2008,official record without a linkable 新設 successor (absorption/編入),Soumu 全国地方公共団体コード改正一覧表 (2005-04-01 onward)
43343,松橋町,,,,disappeared after 2003 survey; no entry in official table (pre-2005-04 merger — successor needs the 平成合併 archive),empirical (vacancy survey code disappearance)
43361,岱明町,,,2005,official record without a linkable 新設 successor (absorption/編入),Soumu 全国地方公共団体コード改正一覧表 (2005-04-01 onward)
43365,菊水町,43369,和水町,2006,official record not seen in vacancy surveys,Soumu 全国地方公共団体コード改正一覧表 (2005-04-01 onward)
43385,植木町,,,,disappeared after 2008 survey; no entry in official table (pre-2005-04 merger — successor needs the 平成合併 archive),empirical (vacancy survey code disappearance)
43407,西合志町,,,,disappeared after 2003 survey; no entry in official table (pre-2005-04 merger — successor needs the 平成合併 archive),empirical (vacancy survey code disappearance)
43422,阿蘇町,,,,disappeared after 2003 survey; no entry in official table (pre-2005-04 merger — successor needs the 平成合併 archive),empirical (vacancy survey code disappearance)
43461,坂本村,,,2005,official record without a linkable 新設 successor (absorption/編入),Soumu 全国地方公共団体コード改正一覧表 (2005-04-01 onward)
43463,鏡町,,,,disappeared after 2003 survey; no entry in official table (pre-2005-04 merger — successor needs the 平成合併 archive),empirical (vacancy survey code disappearance)
43464,竜北町,43468,氷川町,2005,official record not seen in vacancy surveys,Soumu 全国地方公共団体コード改正一覧表 (2005-04-01 onward)
43521,大矢野町,,,,disappeared after 2003 survey; no entry in official table (pre-2005-04 merger — successor needs the 平成合併 archive),empirical (vacancy survey code disappearance)
44301,大田村,44213,由布市,2005,official record not seen in vacancy surveys,Soumu 全国地方公共団体コード改正一覧表 (2005-04-01 onward)
44321,国見町,44214,国東市,2006,official record not seen in vacancy surveys,Soumu 全国地方公共団体コード改正一覧表 (2005-04-01 onward)
44362,挾間町,44213,由布市,2005,official record not seen in vacancy surveys,Soumu 全国地方公共団体コード改正一覧表 (2005-04-01 onward)
44422,三重町,,,,disappeared after 2003 survey; no entry in official table (pre-2005-04 merger — successor needs the 平成合併 archive),empirical (vacancy survey code disappearance)
44441,荻町,,,2005,official record without a linkable 新設 successor (absorption/編入),Soumu 全国地方公共団体コード改正一覧表 (2005-04-01 onward)
45301,清武町,,,2010,official record without a linkable 新設 successor (absorption/編入),Soumu 全国地方公共団体コード改正一覧表 (2005-04-01 onward)
45302,田野町,45431,美郷町,2006,official record not seen in vacancy surveys,Soumu 全国地方公共団体コード改正一覧表 (2005-04-01 onward)
45321,北郷町,,,2009,official record without a linkable 新設 successor (absorption/編入),Soumu 全国地方公共団体コード改正一覧表 (2005-04-01 onward)
45342,山之口町,45431,美郷町,2006,official record not seen in vacancy surveys,Soumu 全国地方公共団体コード改正一覧表 (2005-04-01 onward)
45362,野尻町,,,2010,official record without a linkable 新設 successor (absorption/編入),Soumu 全国地方公共団体コード改正一覧表 (2005-04-01 onward)
45363,須木村,,,2006,official record without a linkable 新設 successor (absorption/編入),Soumu 全国地方公共団体コード改正一覧表 (2005-04-01 onward)
45422,東郷町,,,2006,official record without a linkable 新設 successor (absorption/編入),Soumu 全国地方公共団体コード改正一覧表 (2005-04-01 onward)
45423,南郷村,45431,美郷町,2006,official record not seen in vacancy surveys,Soumu 全国地方公共団体コード改正一覧表 (2005-04-01 onward)
45426,北方町,,,2006,official record without a linkable 新設 successor (absorption/編入),Soumu 全国地方公共団体コード改正一覧表 (2005-04-01 onward)
45427,北川町,,,2007,official record without a linkable 新設 successor (absorption/編入),Soumu 全国地方公共団体コード改正一覧表 (2005-04-01 onward)
46202,川内市,,,,disappeared after 2003 survey; no entry in official table (pre-2005-04 merger — successor needs the 平成合併 archive),empirical (vacancy survey code disappearance)
46322,山川町,46221,志布志市,2006,official record not seen in vacancy surveys,Soumu 全国地方公共団体コード改正一覧表 (2005-04-01 onward)
46323,頴娃町,46223,南九州市,2007,official record not seen in vacancy surveys,Soumu 全国地方公共団体コード改正一覧表 (2005-04-01 onward)
46345,川辺町,,,,disappeared after 2003 survey; no entry in official table (pre-2005-04 merger — successor needs the 平成合併 archive),empirical (vacancy survey code disappearance)
46362,東市来町,46216,日置市,2005,official record not seen in vacancy surveys,Soumu 全国地方公共団体コード改正一覧表 (2005-04-01 onward)
46363,伊集院町,,,,disappeared after 2003 survey; no entry in official table (pre-2005-04 merger — successor needs the 平成合併 archive),empirical (vacancy survey code disappearance)
46384,宮之城町,,,,disappeared after 2003 survey; no entry in official table (pre-2005-04 merger — successor needs the 平成合併 archive),empirical (vacancy survey code disappearance)
46401,野田町,,,2006,official record without a linkable 新設 successor (absorption/編入),Soumu 全国地方公共団体コード改正一覧表 (2005-04-01 onward)
46403,東町,46222,奄美市,2006,official record not seen in vacancy surveys,Soumu 全国地方公共団体コード改正一覧表 (2005-04-01 onward)
46442,姶良町,,,,disappeared after 2008 survey; no entry in official table (pre-2005-04 merger — successor needs the 平成合併 archive),empirical (vacancy survey code disappearance)
46450,隼人町,,,,disappeared after 2003 survey; no entry in official table (pre-2005-04 merger — successor needs the 平成合併 archive),empirical (vacancy survey code disappearance)
46461,大隅町,46492,肝付町,2005,official record not seen in vacancy surveys,Soumu 全国地方公共団体コード改正一覧表 (2005-04-01 onward)
46462,輝北町,,,2006,official record without a linkable 新設 successor (absorption/編入),Soumu 全国地方公共団体コード改正一覧表 (2005-04-01 onward)
46464,末吉町,,,,disappeared after 2003 survey; no entry in official table (pre-2005-04 merger — successor needs the 平成合併 archive),empirical (vacancy survey code disappearance)
46465,松山町,46221,志布志市,2006,official record not seen in vacancy surveys,Soumu 全国地方公共団体コード改正一覧表 (2005-04-01 onward)
46466,志布志町,,,,disappeared after 2003 survey; no entry in official table (pre-2005-04 merger — successor needs the 平成合併 archive),empirical (vacancy survey code disappearance)
46483,内之浦町,46492,肝付町,2005,official record not seen in vacancy surveys,Soumu 全国地方公共団体コード改正一覧表 (2005-04-01 onward)
46484,高山町,46492,肝付町,2005,official record not seen in vacancy surveys,Soumu 全国地方公共団体コード改正一覧表 (2005-04-01 onward)
46503,上屋久町,46505,屋久島町,2007,official record not seen in vacancy surveys,Soumu 全国地方公共団体コード改正一覧表 (2005-04-01 onward)
47203,具志川市,,,,disappeared after 2003 survey; no entry in official table (pre-2005-04 merger — successor needs the 平成合併 archive),empirical (vacancy survey code disappearance)
47345,玉城村,47215,南城市,2006,official record not seen in vacancy surveys,Soumu 全国地方公共団体コード改正一覧表 (2005-04-01 onward)
